FOREIGN TRAVEL FOR LEEDS CITY COUNCIL (April 18 to March 19)     ALL COSTS IN GBP,,,,,,,,,,,,,,,,,,,,,,,,,,,,,,,,,,,,,,,,,,,,,,,,,,,,,,,,,,,,,,,,,,,,,,
NAME OF PERSON TRAVELING,JOB TITLE,CITY,COUNTRY,DEPARTURE DATE,RETURN DATE,TOTAL NUMBER OF DAYS AND NIGHTS,REASON FOR VISIT ,CLASS OF FLIGHT i.e business,TRAVEL COSTS                                                                                                                      ,,COST OF ACCOMMODATION ,,EXPENSES - LOCAL TRANSPORT ,,EXPENSES - FOOD & DRINK,,TOTAL COST OF VISIT,TOTAL COSTS TO LCC,TOTAL COSTS TO OTHER ORGANISATIONS (IF KNOWN ),,,,,,,,,,,,,,,,,,,,,,,,,,,,,,,,,,,,,,,,,,,,,,,,,,,
,,,,,,,,,To LCC,To other,To LCC,To other,To LCC,To other,To LCC,To other,,,,,,,,,,,,,,,,,,,,,,,,,,,,,,,,,,,,,,,,,,,,,,,,,,,,,,
Cllr Adam Ogilvie,Councillor,Berlin,Germany,02.04.18,04.04.18,2 nights/3 days,To host a reception promoting VisitLeeds & Leeds2023,economy,205.28,0,159.77,0,0,0,22.64,0,387.69,387.69,0,,,,,,,,,,,,,,,,,,,,,,,,,,,,,,,,,,,,,,,,,,,,,,,,,,,
Cluny Macpherson,Chief Officer Culture and Sport,Berlin,Germany,02.04.18,04.04.18,2 nights/3 days,To host a reception promoting VisitLeeds & Leeds2023,economy,179.25,0,156.7,0,0,0,34.36,0,370.31,370.31,0,,,,,,,,,,,,,,,,,,,,,,,,,,,,,,,,,,,,,,,,,,,,,,,,,,,
Jennifer Young,Head of Visitor Economy and Inward Investment,Berlin,Germany,02.04.18,04.04.18,2 nights/3 days,To host a reception promoting VisitLeeds & Leeds2023,economy,225.04,0,156.7,0,60.19,0,25.68,0,467.61,467.61,0,,,,,,,,,,,,,,,,,,,,,,,,,,,,,,,,,,,,,,,,,,,,,,,,,,,
Redacted,Project Officer,Berlin,Germany,02.04.18,04.04.18,2 nights/3 days,To host a reception promoting VisitLeeds & Leeds2023,economy,182.16,0,0,0,0,0,0,0,182.16,182.16,0,,,,,,,,,,,,,,,,,,,,,,,,,,,,,,,,,,,,,,,,,,,,,,,,,,,
Baksho Uppal,Area Leader,Brussels,Belgium,16.04.18,18.04.18,2 nights/3 days,To attend the Urban Academy on Integration,economy,0,497.25,0,318,172,0,39.37,0,1026.62,211.37,815.25,,,,,,,,,,,,,,,,,,,,,,,,,,,,,,,,,,,,,,,,,,,,,,,,,,,
Redacted,Marketing and Communications Manager,Amsterdam,The Netherlands,19.04.18,20.04.18,1 night/2 days,To attend appointments with P&O ferries and Dutch media,economy,201.51,0,119.39,0,17.57,0,34.3,0,372.77,372.77,0,,,,,,,,,,,,,,,,,,,,,,,,,,,,,,,,,,,,,,,,,,,,,,,,,,,
Cluny Macpherson,Chief Officer Culture and Sport,Dresden,Germany,25.04.18,28.04.18,3 nights/4 days,To attend the Eurocities Culture Forum,economy,0,264.5,0,260.28,0,105.3,0,28.29,658.37,0,658.37,,,,,,,,,,,,,,,,,,,,,,,,,,,,,,,,,,,,,,,,,,,,,,,,,,,
Redacted,Project Officer,Dortmund,Germany,30.04.18,07.05.18,7 nights/8 days,To accompany young people at DortBUNT for an exchange,economy,111.6,0,0,490,6,24.78,14.7,0,647.08,132.3,514.78,,,,,,,,,,,,,,,,,,,,,,,,,,,,,,,,,,,,,,,,,,,,,,,,,,,
Redacted,Policy and Performance Manager,Cluj,Romania,03.05.18,06.05.18,3 nights/4 days,To attend Culture Next Network meeting,economy,0,318.13,0,160.53,0,11.47,0,31.78,521.91,0,521.91,,,,,,,,,,,,,,,,,,,,,,,,,,,,,,,,,,,,,,,,,,,,,,,,,,,
Cllr Jane Dowson,Lord Mayor,Dortmund,Germany,04.05.18,07.05.18,3 nights/4 days,To participate in a civic visit during the DortBUNT festival,economy,236.02,0,0,219,0,0,17.38,0,472.4,253.4,219,,,,,,,,,,,,,,,,,,,,,,,,,,,,,,,,,,,,,,,,,,,,,,,,,,,
Redacted,Sergeant-at-Mace,Dortmund,Germany,04.05.18,07.05.18,3 nights/4 days,To participate in a civic visit during the DortBUNT festival,economy,236.02,0,0,219,0,0,17.38,0,472.4,253.4,219,,,,,,,,,,,,,,,,,,,,,,,,,,,,,,,,,,,,,,,,,,,,,,,,,,,
Redacted,Leeds Film Manager,Cannes,France,08.05.18,20.05.18,12 nights/13 days,To research films for Leeds International Film Festival,economy,0,107,0,928,0,43,0,307,1385,0,1385,,,,,,,,,,,,,,,,,,,,,,,,,,,,,,,,,,,,,,,,,,,,,,,,,,,
Redacted,Migration Programme Manager,Barcelona,Spain,13.05.18,16.05.18,3 nights/4 days,To attend the Eurocities Working Group on Roma Inclusion,economy,0,143.68,31.38,375,0,63.92,0,53.39,667.37,31.38,635.99,,,,,,,,,,,,,,,,,,,,,,,,,,,,,,,,,,,,,,,,,,,,,,,,,,,
Redacted,Visitor Economy Manager,Frankfurt,Germany,14.05.18,17.05.18,3 nights/4 days,To attend a sales mission and exhibit at IMEX Frankfurt,economy,316.38,0,459.19,0,27.36,0,26.84,0,829.77,829.77,0,,,,,,,,,,,,,,,,,,,,,,,,,,,,,,,,,,,,,,,,,,,,,,,,,,,
Redacted,International Relations Manager,Athens,Greece,15.05.18,18.05.18,3 nights/4 days,To attend the Eurocities Cooperation Platform,economy,251.28,0,315.54,0,73.23,0,69.12,0,709.17,709.17,0,,,,,,,,,,,,,,,,,,,,,,,,,,,,,,,,,,,,,,,,,,,,,,,,,,,
Cllr Debra Coupar,Councillor,"Washington DC, Portland, Seattle",USA,15.05.18,26.05.18,11 nights/12 days,To participate in a Prevent exchange visit,economy,0,1197,0,2028,0,1707.6,0,565.67,5498.27,0,5498.27,,,,,,,,,,,,,,,,,,,,,,,,,,,,,,,,,,,,,,,,,,,,,,,,,,,
James Rogers,Director Communities & Environment,"Washington DC, Portland, Seattle",USA,15.05.18,26.05.18,11 nights/12 days,To participate in a Prevent exchange visit,economy,0,1197,0,2028,0,1707.6,0,565.67,5498.27,0,5498.27,,,,,,,,,,,,,,,,,,,,,,,,,,,,,,,,,,,,,,,,,,,,,,,,,,,
Shaid Mahmood,Chief Officer Communities,"Washington DC, Portland, Seattle",USA,15.05.18,26.05.18,11 nights/12 days,To participate in a Prevent exchange visit,economy,0,1197,0,2028,0,1707.6,0,565.67,5498.27,0,5498.27,,,,,,,,,,,,,,,,,,,,,,,,,,,,,,,,,,,,,,,,,,,,,,,,,,,
Liz Jarmin,Head of Community Safety Partnerships,"Washington DC, Portland, Seattle",USA,15.05.18,26.05.18,11 nights/12 days,To participate in a Prevent exchange visit,economy,0,1197,0,2028,0,1707.6,0,565.67,5498.27,0,5498.27,,,,,,,,,,,,,,,,,,,,,,,,,,,,,,,,,,,,,,,,,,,,,,,,,,,
Redacted,Conference Officer,Cork,Ireland,21.05.18,22.05.18,1 night/2 days,To attend a conferencing and events ambassador event ,economy,302.18,0,130.16,0,13.57,0,10.48,0,456.39,456.39,0,,,,,,,,,,,,,,,,,,,,,,,,,,,,,,,,,,,,,,,,,,,,,,,,,,,
Redacted,Youth Offer Improvement Officer,Bacau,Romania,20.05.18,26.05.18,5 nights/6 days,To participate in activities of the Erasmus+ project GRIET,economy,0,244.86,0,278.12,0,0,0,145.3,668.28,0,668.28,,,,,,,,,,,,,,,,,,,,,,,,,,,,,,,,,,,,,,,,,,,,,,,,,,,
Redacted,Learning Improvement Consultant,Bacau,Romania,20.05.18,26.05.18,5 nights/6 days,To participate in activities of the Erasmus+ project GRIET,economy,0,244.86,0,278.12,0,0,0,145.3,668.28,0,668.28,,,,,,,,,,,,,,,,,,,,,,,,,,,,,,,,,,,,,,,,,,,,,,,,,,,
Redacted,Senior Development Officer,Parma,Italy,22.05.18,26.05.18,4 nights/5 days,To attend a plenary meeting for the ACTIVAGE project,economy,0,36.31,0,194.3,0,44.16,0,176.64,451.41,0,451.41,,,,,,,,,,,,,,,,,,,,,,,,,,,,,,,,,,,,,,,,,,,,,,,,,,,
Redacted,Senior Librarian Manager,Brussels,Belgium,04.06.18,06.06.18,2 nights/3 days,To attend the Europe Direct AGM,economy,0,292.72,0,130,0,0,0,0,422.72,0,422.72,,,,,,,,,,,,,,,,,,,,,,,,,,,,,,,,,,,,,,,,,,,,,,,,,,,
Redacted,Senior Development Officer,Bilbao,Spain,04.06.18,08.06.18,4 nights/5 days,To present at an IoT Conference on behalf of the ACTIVAGE project,economy,0,146.5,0,540,0,44.16,0,123.64,854.3,0,854.3,,,,,,,,,,,,,,,,,,,,,,,,,,,,,,,,,,,,,,,,,,,,,,,,,,,
Redacted,Social Worker,Cork,Ireland,14.06.18,14.06.18,0 nights/1 day,To carry out social care work,economy,363.98,0,0,0,29.49,0,19.31,0,412.78,412.78,0,,,,,,,,,,,,,,,,,,,,,,,,,,,,,,,,,,,,,,,,,,,,,,,,,,,
Redacted,Advanced Practitioner,Cork,Ireland,14.06.18,14.06.18,0 nights/1 day,To carry out social care work,economy,363.98,0,0,0,29.49,0,19.31,0,412.78,412.78,0,,,,,,,,,,,,,,,,,,,,,,,,,,,,,,,,,,,,,,,,,,,,,,,,,,,
Cllr Judith Blake,Leader of the Council,Sibiu,Romania,14.06.18,17.06.18,3 nights/4 days,To attend and speak at a cultural conference ,economy,279.78,0,0,162,5.9,0,62.26,0,509.94,347.94,162,,,,,,,,,,,,,,,,,,,,,,,,,,,,,,,,,,,,,,,,,,,,,,,,,,,
Simon Johnson,Head of Children's Social Care,Berlin,Germany,18.06.18,22.06.18,4 nights/5 days,To present at an Erasmus+ conference on family group conf.,economy,0,207.8,0,304,59.11,0,53.64,0,624.55,112.75,511.8,,,,,,,,,,,,,,,,,,,,,,,,,,,,,,,,,,,,,,,,,,,,,,,,,,,
Redacted,Team Manager Family Group Conferencing,Berlin,Germany,18.06.18,22.06.18,4 nights/5 days,To present at an Erasmus+ conference on family group conf.,economy,0,207.8,0,304,59.11,0,53.64,0,624.55,112.75,511.8,,,,,,,,,,,,,,,,,,,,,,,,,,,,,,,,,,,,,,,,,,,,,,,,,,,
Redacted,Team Manager Children's Social Work Services,Berlin,Germany,18.06.18,22.06.18,4 nights/5 days,To present at an Erasmus+ conference on family group conf.,economy,0,207.8,0,304,59.11,0,53.64,0,624.55,112.75,511.8,,,,,,,,,,,,,,,,,,,,,,,,,,,,,,,,,,,,,,,,,,,,,,,,,,,
Redacted,Team Manager Children's Social Work Services,Berlin,Germany,18.06.18,22.06.18,4 nights/5 days,To present at an Erasmus+ conference on family group conf.,economy,0,207.8,0,304,59.11,0,53.64,0,624.55,112.75,511.8,,,,,,,,,,,,,,,,,,,,,,,,,,,,,,,,,,,,,,,,,,,,,,,,,,,
Redacted,Team Manager Children's Social Work Services,Berlin,Germany,18.06.18,22.06.18,4 nights/5 days,To present at an Erasmus+ conference on family group conf.,economy,0,207.8,0,304,59.11,0,53.64,0,624.55,112.75,511.8,,,,,,,,,,,,,,,,,,,,,,,,,,,,,,,,,,,,,,,,,,,,,,,,,,,
Redacted,Programme Project Co-ordinator,"Tokyo, Kyoto",Japan,18.06.18,27.06.18,9 nights/10 days,"To research Japanese artists, collections and exhibition opportunities ",economy,0,1075.61,0,771,0,200,0,500,2546.61,0,2546.61,,,,,,,,,,,,,,,,,,,,,,,,,,,,,,,,,,,,,,,,,,,,,,,,,,,
Saleem Tariq,Deputy Director Children & Families,Burlington VE,USA,27.06.18,01.07.18,4 nights/5 days,To speak at a International Restorative Justice Conference ,economy,0,700,0,723.06,0,0,0,0,1423.06,0,1423.06,,,,,,,,,,,,,,,,,,,,,,,,,,,,,,,,,,,,,,,,,,,,,,,,,,,
Redacted,Leeds Film Manager,Karlovy Vary,Czech Republic,28.06.18,06.07.18,8 nights/9 days,To research films for Leeds International Film Festival,economy,0,120,0,776,0,0,0,260,1156,0,1156,,,,,,,,,,,,,,,,,,,,,,,,,,,,,,,,,,,,,,,,,,,,,,,,,,,
Redacted,Bereavement Services Manager ,"Zonnebeke, Saint Symphorien, Bus-les-Artois","Belgium, France",29.06.18,01.07.18,2 nights/3 days,To carry out bereavement work and lay wreaths ,economy,103.46,0,221.19,0,58.46,0,8.57,0,391.68,391.68,0,,,,,,,,,,,,,,,,,,,,,,,,,,,,,,,,,,,,,,,,,,,,,,,,,,,
Redacted,Senior Supervising Social Worker,Lisbon,Portugal,29.06.18,11.07.18,12 nights/13 days,To complete an assessment as part of child care work,economy,499.42,0,0,0,753.2,0,120.46,0,1373.08,1373.08,0,,,,,,,,,,,,,,,,,,,,,,,,,,,,,,,,,,,,,,,,,,,,,,,,,,,
Redacted,Learning Improvement Consultant,Bacau,Romania,01.07.18,03.07.18,2 nights/3 days,To participate in activities of the Erasmus+ project GRIET,economy,0,320.36,0,91.85,0,5,0,57.6,474.81,0,474.81,,,,,,,,,,,,,,,,,,,,,,,,,,,,,,,,,,,,,,,,,,,,,,,,,,,
Redacted,Learning Improvement Consultant,Bacau,Romania,01.07.18,03.07.18,2 nights/3 days,To participate in activities of the Erasmus+ project GRIET,economy,0,320.36,0,91.85,0,5,0,57.6,474.81,0,474.81,,,,,,,,,,,,,,,,,,,,,,,,,,,,,,,,,,,,,,,,,,,,,,,,,,,
Redacted,Project Support Officer,Dakar,Senegal,17.07.18,21.07.18,4 nights/5 days,To conduct research for Lincoln Green African Film Festival,economy,0,690.08,0,265.75,0,100,0,125,1180.83,0,1180.83,,,,,,,,,,,,,,,,,,,,,,,,,,,,,,,,,,,,,,,,,,,,,,,,,,,
Redacted,Project Officer,Veszprem,Hungary,18.07.18,20.07.18,2 nights/3 days,To meet Veszprem 2023 organisers and discuss cooperation,economy,0,154.17,0,123.9,0,62.41,0,16.11,356.59,0,356.59,,,,,,,,,,,,,,,,,,,,,,,,,,,,,,,,,,,,,,,,,,,,,,,,,,,
Redacted,Social Worker,Cork,Ireland,23.07.18,24.07.18,1 night/2 days,To carry out social care work,economy,241.97,0,133.44,0,101.09,0,72,0,548.5,548.5,0,,,,,,,,,,,,,,,,,,,,,,,,,,,,,,,,,,,,,,,,,,,,,,,,,,,
Redacted,Advanced Practitioner,Cork,Ireland,23.07.18,24.07.18,1 night/2 days,To carry out social care work,economy,241.97,0,133.44,0,101.09,0,72,0,548.5,548.5,0,,,,,,,,,,,,,,,,,,,,,,,,,,,,,,,,,,,,,,,,,,,,,,,,,,,
Redacted,Inward Investment Manager,Boston,USA,24.07.18,30.07.18,4 nights/5 days,To participate in an investment mission ,economy,537.71,0,728.93,0,23.23,0,0,0,1289.87,1289.87,0,,,,,,,,,,,,,,,,,,,,,,,,,,,,,,,,,,,,,,,,,,,,,,,,,,,
Tom Riordan,Chief Executive Officer,Boston,USA,24.07.18,28.07.18,4 nights/5 days,To participate in investment mission ,economy,0,0,0,0,0,0,0,0,0,0,0,,,,,,,,,,,,,,,,,,,,,,,,,,,,,,,,,,,,,,,,,,,,,,,,,,,
Cllr Judith Blake,Leader of the Council,Paris,France,27.07.18,30.07.18,3 nights/4 days,To attend Tour de France reception with British Ambassador,economy,205,0,192.51,0,23.87,0,11.89,0,433.27,433.27,0,,,,,,,,,,,,,,,,,,,,,,,,,,,,,,,,,,,,,,,,,,,,,,,,,,,
Redacted,Senior Arts Project Manager,Gothenburg,Sweden,23.08.18,30.08.18,7 nights/8 days,To attend an EFA Festival Manager training and conference,economy,0,359.01,525,0,0,17.52,0,124.42,1025.95,525,500.95,,,,,,,,,,,,,,,,,,,,,,,,,,,,,,,,,,,,,,,,,,,,,,,,,,,
Redacted,UASC Regional Coordinator,Strasbourg,France,29.08.18,31.08.18,2 nights/3 days,"To prepare a seminar on inclusion, human rights and young refugees",economy,0,397.41,0,66,0,49.13,0,36.96,549.5,0,549.5,,,,,,,,,,,,,,,,,,,,,,,,,,,,,,,,,,,,,,,,,,,,,,,,,,,
Stephen Wild,Head of Music,Chemnitz,Germany,22.08.18,29.08.18,7 nights/8 days,To accompany an exchange of the music group Roots Alive,economy,0,209.7,0,336.12,0,0,0,0,545.82,0,545.82,,,,,,,,,,,,,,,,,,,,,,,,,,,,,,,,,,,,,,,,,,,,,,,,,,,
Redacted,Head of Instrumental and Vocal Learning,Chemnitz,Germany,22.08.18,29.08.18,7 nights/8 days,To accompany an exchange of the music group Roots Alive,economy,0,209.7,0,336.12,0,0,0,0,545.82,0,545.82,,,,,,,,,,,,,,,,,,,,,,,,,,,,,,,,,,,,,,,,,,,,,,,,,,,
Redacted,Teacher,Chemnitz,Germany,22.08.18,29.08.18,7 nights/8 days,To accompany an exchange of the music group Roots Alive,economy,0,209.7,0,336.12,0,0,0,0,545.82,0,545.82,,,,,,,,,,,,,,,,,,,,,,,,,,,,,,,,,,,,,,,,,,,,,,,,,,,
Cllr Judith Blake,Leader of the Council,"Hangzhou, Qingdao",China,05.09.18,11.09.18,6 nights/7 days,To participate in an inward investment mission,economy,1598.9,0,452.73,0,41.59,0,49.55,0,2142.77,2142.77,0,,,,,,,,,,,,,,,,,,,,,,,,,,,,,,,,,,,,,,,,,,,,,,,,,,,
Martin Farrington,Director of City Development,"Hangzhou, Qingdao, Hong Kong",China,05.09.18,13.09.18,8 nights/9 days,To participate in an inward investment mission,economy,1115.21,0,615.23,0,13.5,0,112.24,0,1856.18,1856.18,0,,,,,,,,,,,,,,,,,,,,,,,,,,,,,,,,,,,,,,,,,,,,,,,,,,,
Redacted,Inward Investment Manager,"Hangzhou, Qingdao, Hong Kong",China,05.09.18,13.09.18,8 nights/9 days,To participate in an inward investment mission,economy,1115.21,0,615.23,0,13.5,0,112.24,0,1856.18,1856.18,0,,,,,,,,,,,,,,,,,,,,,,,,,,,,,,,,,,,,,,,,,,,,,,,,,,,
Redacted,International Relations Manager,"Hangzhou, Qingdao, Hong Kong",China,05.09.18,13.09.18,8 nights/9 days,To participate in an inward investment mission,economy,1115.21,0,615.23,0,7.64,0,112.24,0,1850.32,1850.32,0,,,,,,,,,,,,,,,,,,,,,,,,,,,,,,,,,,,,,,,,,,,,,,,,,,,
Redacted,Social Worker,Cork,Ireland,06.09.18,06.09.18,0 nights/1 day,To carry out social care work,economy,222.98,0,0,0,78.59,0,35.2,0,336.77,336.77,0,,,,,,,,,,,,,,,,,,,,,,,,,,,,,,,,,,,,,,,,,,,,,,,,,,,
Redacted,Independent Reviewing Officer,Cork,Ireland,06.09.18,06.09.18,0 nights/1 day,To carry out social care work,economy,181.78,0,0,0,78.59,0,35.2,0,295.57,295.57,0,,,,,,,,,,,,,,,,,,,,,,,,,,,,,,,,,,,,,,,,,,,,,,,,,,,
Redacted,Programme Project Co-ordinator,Warsaw,Poland,16.09.18,20.09.18,4 nights/5 days,To carry out British Council supported curatorial research ,economy,0,50.38,0,515.86,0,0,0,360,926.24,0,926.24,,,,,,,,,,,,,,,,,,,,,,,,,,,,,,,,,,,,,,,,,,,,,,,,,,,
Redacted,Senior Development Officer ,Santiago de Compostella,Spain,17.09.18,21.09.18,3 nights/4 days,Activage project plenary meeting ,economy,0,167,0,364.52,0,100,0,100,731.52,0,731.52,,,,,,,,,,,,,,,,,,,,,,,,,,,,,,,,,,,,,,,,,,,,,,,,,,,
Redacted,Social Worker,Cork,Ireland,19.09.18,20.09.18,1 night/2 days,To carry out social care work,economy,330.98,0,181.76,0,0,0,70.4,0,583.14,583.14,0,,,,,,,,,,,,,,,,,,,,,,,,,,,,,,,,,,,,,,,,,,,,,,,,,,,
Redacted,Advanced Practitioner,Cork,Ireland,19.09.18,20.09.18,1 night/2 days,To carry out social care work,economy,330.98,0,181.76,0,0,0,70.4,0,583.14,583.14,0,,,,,,,,,,,,,,,,,,,,,,,,,,,,,,,,,,,,,,,,,,,,,,,,,,,
Redacted,Arts Development Manager,Cascais,Portugal,21.09.18,23.09.18,2 nights/3 days,To meet partners of Light Night at the Lumina Light Festival,budget,0,343.18,0,0,0,0,0,13.73,356.91,0,356.91,,,,,,,,,,,,,,,,,,,,,,,,,,,,,,,,,,,,,,,,,,,,,,,,,,,
Sue Rumbold,Chief Officer Partnerships and Health,Vienna,Austria,24.09.18,26.09.18,2 nights/3 days,To attend Child in the City World Conference in Vienna as a speaker,economy,366.9,0,239.04,0,76.17,0,0,0,682.11,682.11,0,,,,,,,,,,,,,,,,,,,,,,,,,,,,,,,,,,,,,,,,,,,,,,,,,,,
Redacted,Project Support Officer,Terrassa,Spain,26.09.18,30.09.18,4 nights/5 days,To attend a UCLG Pilot Cities meeting,economy,0,121.54,0,260,0,24.51,0,39.36,445.41,0,445.41,,,,,,,,,,,,,,,,,,,,,,,,,,,,,,,,,,,,,,,,,,,,,,,,,,,
Redacted,Senior Traffic Engineer,Kufstein,Austria,28.09.18,01.10.18,3 nights/4 days,To research the WRRC in advance of hosting it in Leeds in 2019,economy,500.02,0,235.2,0,25.42,0,105.18,0,865.82,865.82,0,,,,,,,,,,,,,,,,,,,,,,,,,,,,,,,,,,,,,,,,,,,,,,,,,,,
Redacted,Events Manager ,Kufstein,Austria,28.09.18,01.10.18,3 nights/4 days,To research the WRRC in advance of hosting it in Leeds in 2019,economy,318.68,0,235.2,0,25.42,0,91.3,0,670.6,670.6,0,,,,,,,,,,,,,,,,,,,,,,,,,,,,,,,,,,,,,,,,,,,,,,,,,,,
Redacted,Policy and Performance Manager,Aveiro,Portugal,30.09.18,03.10.18,3 nights/4 days,To attend an ECC Candidate Cities Network meeting,economy,0,279.15,0,306,0,0,0,35.47,620.62,0,620.62,,,,,,,,,,,,,,,,,,,,,,,,,,,,,,,,,,,,,,,,,,,,,,,,,,,
Redacted,Social Worker,Cork,Ireland,01.10.18,01.10.18,0 nights/1 day,To carry out social care work,economy,231.98,0,0,0,46.79,0,35.2,0,313.97,313.97,0,,,,,,,,,,,,,,,,,,,,,,,,,,,,,,,,,,,,,,,,,,,,,,,,,,,
Redacted,Advanced Practitioner,Cork,Ireland,01.10.18,01.10.18,0 nights/1 day,To carry out social care work,economy,231.98,0,0,0,46.79,0,35.2,0,313.97,313.97,0,,,,,,,,,,,,,,,,,,,,,,,,,,,,,,,,,,,,,,,,,,,,,,,,,,,
Kevin Paynes,11-19 Leadership and Management Lead,Riga,Latvia,03.10.18,06.10.18,3 nights/4 days,To attend a conference as part of an ongoing Erasmus+ project,economy,0,172.99,0,113.15,0,41.88,0,69.13,397.15,0,397.15,,,,,,,,,,,,,,,,,,,,,,,,,,,,,,,,,,,,,,,,,,,,,,,,,,,
Redacted,Service Improvement Officer,Riga,Latvia,03.10.18,07.10.18,4 nights/5 days,To attend a conference as part of an ongoing Erasmus+ project,economy,0,327.1,0,169.73,0,41.88,0,212.77,751.48,0,751.48,,,,,,,,,,,,,,,,,,,,,,,,,,,,,,,,,,,,,,,,,,,,,,,,,,,
Redacted,Senior Librarian Manager,Brussels,Belgium,10.10.18,12.10.18,2 nights/3 days,Training for delivery of Europe Direct Information Service,economy,0,206,0,270,15.74,0,0,0,491.74,15.74,476,,,,,,,,,,,,,,,,,,,,,,,,,,,,,,,,,,,,,,,,,,,,,,,,,,,
Redacted,International Relations Manager,Grenoble ,France,16.10.18,19.10.18,3 nights/4 days,To attend the Eurocities Economic Development Forum,economy,262.86,0,224.86,0,11.57,0,36.46,0,535.75,535.75,0,,,,,,,,,,,,,,,,,,,,,,,,,,,,,,,,,,,,,,,,,,,,,,,,,,,
Cluny Macpherson,Chief Officer Culture and Sport,Lisbon,Portugal,17.10.18,19.10.18,2 nights/3 days,To attend the Eurocities Culture Forum,economy,0,337.18,0,279.3,0,31.52,0,51.21,699.21,0,699.21,,,,,,,,,,,,,,,,,,,,,,,,,,,,,,,,,,,,,,,,,,,,,,,,,,,
Mick Ward,Chief Officer Transformation & Innovation,St Helier,Jersey,17.10.18,20.10.18,3 nights/4 days, RIPFA training,economy,0,188.23,0,160,0,0,0,0,348.23,0,348.23,,,,,,,,,,,,,,,,,,,,,,,,,,,,,,,,,,,,,,,,,,,,,,,,,,,
Redacted,Visitor Economy Manager ,Dublin,Ireland,22.10.18,23.10.18,1 night/2 days,Partnership meetings with Ryanair,economy,0,100,136.51,0,10.32,0,50.3616,0,297.1916,197.1916,100,,,,,,,,,,,,,,,,,,,,,,,,,,,,,,,,,,,,,,,,,,,,,,,,,,,
Redacted,Marketing and communications business partner ,Dublin,Ireland,22.10.18,23.10.18,1 night/2 days,Partnership meetings with Ryanair,economy,0,100,136.51,0,10.32,0,50.3616,0,297.1916,197.1916,100,,,,,,,,,,,,,,,,,,,,,,,,,,,,,,,,,,,,,,,,,,,,,,,,,,,
Tom Riordan,Chief Executive Officer,Boston,USA,27.10.18,31.10.18,4 nights/5 days,To participate in a REAP training course at MIT,economy,367.41,0,0,0,0,0,0,0,367.41,367.41,0,,,,,,,,,,,,,,,,,,,,,,,,,,,,,,,,,,,,,,,,,,,,,,,,,,,
Redacted,Arts Development Manager,Eindhoven,The Netherlands,09.11.18,12.11.18,3 nights/4 days,To attend Glow festival and conference,budget,0,109,0,187.1,0,7.05,0,82,385.15,0,385.15,,,,,,,,,,,,,,,,,,,,,,,,,,,,,,,,,,,,,,,,,,,,,,,,,,,
Redacted,Data and Innovation Officer,Barcelona,Spain,12.11.18,15.11.18,3 nights/4 days,Attend the Smart Cities conference with the Leeds City Region delegation.,budget,113,0,164.41,0,13,0,150,0,440.41,440.41,0,,,,,,,,,,,,,,,,,,,,,,,,,,,,,,,,,,,,,,,,,,,,,,,,,,,
Redacted,Data and Innovation Manager,Barcelona,Spain,12.11.18,15.11.18,3 nights/4 days,Attend the Smart Cities conference with the Leeds City Region delegation.,budget,113,0,164.41,0,13,0,150,0,440.41,440.41,0,,,,,,,,,,,,,,,,,,,,,,,,,,,,,,,,,,,,,,,,,,,,,,,,,,,
Redacted,Senior Arts Project Officer,Eindhoven,The Netherlands,14.11.18,16.11.18,2 nights/3 days,"Attending festival event, meeting with organisers and other LUTN network partners",budget,0,30.93,0,155.1,0,0,0,120.16,306.19,0,306.19,,,,,,,,,,,,,,,,,,,,,,,,,,,,,,,,,,,,,,,,,,,,,,,,,,,
Redacted,Social Worker,Cork,Ireland,14.11.18,14.11.18,0 nights/1 day,To carry out social care work,economy,132.98,0,0,0,242.92,0,35.2,0,411.1,411.1,0,,,,,,,,,,,,,,,,,,,,,,,,,,,,,,,,,,,,,,,,,,,,,,,,,,,
Redacted,International Relations Manager,Lille,France,15.11.18,17.11.18,3 days 2 nights,50th anniversary celebration and Mayor's summit,rail economy,173,0,0,120,0,0,13.68,0,306.68,186.68,120,,,,,,,,,,,,,,,,,,,,,,,,,,,,,,,,,,,,,,,,,,,,,,,,,,,
Cllr Judith Blake,Leader of the Council,Lille,France,16.11.18,17.11.18,1 day 1 night,50th anniversary celebration and Mayor's summit,rail economy,235,0,0,170,22.44,0,0,0,427.44,257.44,170,,,,,,,,,,,,,,,,,,,,,,,,,,,,,,,,,,,,,,,,,,,,,,,,,,,
Redacted,"Producer, Leeds Young Film Festival",Lille,France,18.11.18,24.11.18,4 nights/5 days,To represent LYFF at Lille Young film fest,rail economy,179,0,462,0,13.31,0,67.17,0,721.48,721.48,0,,,,,,,,,,,,,,,,,,,,,,,,,,,,,,,,,,,,,,,,,,,,,,,,,,,
Redacted,Advanced Health Improvement Practitioner,"Hangzhou, Xi'an",China,24.11.18,28.11.18,4 nights/5 days,To deliver workshops on child obesity,economy,0,497.4,0,250.84,40.2,60.95,53.57,35.88,938.84,93.77,845.07,,,,,,,,,,,,,,,,,,,,,,,,,,,,,,,,,,,,,,,,,,,,,,,,,,,
Redacted,Policy and Research Manager,Brussels,Belgium,26.11.18,27.11.18,1 night/2 days,Conference,rail economy,0,238.5,0,128.77,0,12.75,0,32.75,412.77,0,412.77,,,,,,,,,,,,,,,,,,,,,,,,,,,,,,,,,,,,,,,,,,,,,,,,,,,
Redacted,Data Officer,Brussels,Belgium,26.11.18,27.11.18,1 night/2 days,Conference,rail economy,0,238.5,0,136.07,0,36.17,0,22.41,433.15,0,433.15,,,,,,,,,,,,,,,,,,,,,,,,,,,,,,,,,,,,,,,,,,,,,,,,,,,
Redacted,Business Development Manager,Barcelona,Spain,26.11.18,30.11.18,4 nights/5 days,To exhibit at IBTM World Barcelona with Visit Britain,economy,177.54,0,299.4,0,34.3,0,101.81,0,613.05,613.05,0,,,,,,,,,,,,,,,,,,,,,,,,,,,,,,,,,,,,,,,,,,,,,,,,,,,
Redacted,Regional Asylum & Refugee Integrate Mgr,Strasbourg,France,03.12.18,06.12.18,3 nights/4 days,Seminar on youth work with young refugees,economy,0,218.03,0,100,0,41.89,0,43.06,402.98,0,402.98,,,,,,,,,,,,,,,,,,,,,,,,,,,,,,,,,,,,,,,,,,,,,,,,,,,
Redacted,Policy and Research Officer,Strasbourg,France,03.12.18,06.12.18,3 nights/4 days,Seminar on youth work with young refugees,economy,0,218.03,0,100,0,41.89,0,43.06,402.98,0,402.98,,,,,,,,,,,,,,,,,,,,,,,,,,,,,,,,,,,,,,,,,,,,,,,,,,,
Redacted,Project Officer,Vienna,Austria,03.12.18,07.12.18,4 nights/5 days,Taking part in an ICT exhibition for EU funded project,economy,222.22,0,465.58,0,60.808,0,80.4796,0,829.0876,829.0876,0,,,,,,,,,,,,,,,,,,,,,,,,,,,,,,,,,,,,,,,,,,,,,,,,,,,
Redacted,Projects Curator,Singapore,Singapore,04.12.18,09.12.18,5 nights/6 days,Speaking at a conference,economy,0,561,499.13,0,38.27509,0,73.12256,0,1171.52765,610.52765,561,,,,,,,,,,,,,,,,,,,,,,,,,,,,,,,,,,,,,,,,,,,,,,,,,,,
Redacted,Senior Arts Project Officer,Lyon,France,06.12.18,08.12.18,2 nights/3 days,"Attending festival event, meeting with organisers and presenting at LUCI conference",budget,0,171.31,0,174.05,0,32,22.81,97.95,498.12,22.81,475.31,,,,,,,,,,,,,,,,,,,,,,,,,,,,,,,,,,,,,,,,,,,,,,,,,,,
Redacted,Arts Development Manager,Lyon,France,06.12.19,08.12.18,2 nights/3 days,Conference and attend Fête des Lumières,budget,0,237.51,0,174.05,0,44.376,0,70.262,526.198,0,526.198,,,,,,,,,,,,,,,,,,,,,,,,,,,,,,,,,,,,,,,,,,,,,,,,,,,
Redacted,Business Development Manager,Paris,France,09.12.18,12.12.18,3 nights/4 days,Visit Britain sales mission,economy,217.08,0,282.65,0,91.61,0,90.71,0,682.05,682.05,0,,,,,,,,,,,,,,,,,,,,,,,,,,,,,,,,,,,,,,,,,,,,,,,,,,,
Redacted,Policy and Performance Manager,Debrecen,Hungary,09.12.18,11.12.18,2 nights/3 days,To meet with pubic sector bodies - European Capital of Culture,budget,0,235.63,0,118,0,0,0,21.35,374.98,0,374.98,,,,,,,,,,,,,,,,,,,,,,,,,,,,,,,,,,,,,,,,,,,,,,,,,,,
Redacted,Social Worker,Cork,Ireland,07.01.19,08.01.19,1 night/2 days,To carry out social care work,economy,178.29,0,68.49,0,0,0,70.4,0,317.18,317.18,0,,,,,,,,,,,,,,,,,,,,,,,,,,,,,,,,,,,,,,,,,,,,,,,,,,,
Redacted,Social Worker,Cork,Ireland,07.01.19,08.01.19,1 night/2 days,To carry out social care work,economy,178.29,0,68.49,0,0,0,70.4,0,317.18,317.18,0,,,,,,,,,,,,,,,,,,,,,,,,,,,,,,,,,,,,,,,,,,,,,,,,,,,
Redacted,Senior Arts Project Officer,Amsterdam,The Netherlands,14.01.19,16.01.19,2 nights/3 days,"Attending festival event, meeting with organisers and other LUTN network partners",budget,0,90.06,0,92.57,0,30.48,0,102.6,315.71,0,315.71,,,,,,,,,,,,,,,,,,,,,,,,,,,,,,,,,,,,,,,,,,,,,,,,,,,
Redacted,Production Co-ordinator,Amsterdam,The Netherlands,14.01.19,16.01.19,2 nights/3 days,"Attending festival event, meeting with organisers and other LUTN network partners",budget,0,90.06,0,92.57,0,30.48,0,102.6,315.71,0,315.71,,,,,,,,,,,,,,,,,,,,,,,,,,,,,,,,,,,,,,,,,,,,,,,,,,,
Redacted,Production Co-ordinator,Amsterdam,The Netherlands,14.01.19,16.01.19,2 nights/3 days,"Attending festival event, meeting with organisers and other LUTN network partners",budget,0,90.06,0,92.57,0,30.48,0,102.6,315.71,0,315.71,,,,,,,,,,,,,,,,,,,,,,,,,,,,,,,,,,,,,,,,,,,,,,,,,,,
Redacted,Policy and Research Officer,Brussels,Belgium,24.01.19,25.01.19,1 night/2 days,Attending conference,economy,0,177.55,0,89,0,0,0,13.01,279.56,0,279.56,,,,,,,,,,,,,,,,,,,,,,,,,,,,,,,,,,,,,,,,,,,,,,,,,,,
Redacted,Business Development Manager,Brussels/Amsterdam,Belgium/The Netherlands,29.01.19,02.02.19,4 nights/5 days,Sales Mission,economy,207.18,0,251.69,0,25.33,0,33.93,0,518.13,518.13,0,,,,,,,,,,,,,,,,,,,,,,,,,,,,,,,,,,,,,,,,,,,,,,,,,,,
Redacted,Social Worker,Cork,Ireland,07.02.19,07.02.19,0 nights/1 day,Social work visit,economy,105.98,0,0,0,0,0,35.2,0,141.18,141.18,0,,,,,,,,,,,,,,,,,,,,,,,,,,,,,,,,,,,,,,,,,,,,,,,,,,,
Redacted,Independent Reviewing Officer,Cork,Ireland,07.02.19,07.02.19,0 nights/1 day,Social work visit,economy,105.98,0,0,0,0,0,35.2,0,141.18,141.18,0,,,,,,,,,,,,,,,,,,,,,,,,,,,,,,,,,,,,,,,,,,,,,,,,,,,
Redacted,"Producer, Leeds Young Film Festival",Berlin,Germany,09.02.19,11.02.19,2 nights/3 days,Film festival,economy,0,155.76,159,182.24,0,16.92,0,52.06,565.98,159,406.98,,,,,,,,,,,,,,,,,,,,,,,,,,,,,,,,,,,,,,,,,,,,,,,,,,,
Andrew Lloyd,Head of Children's Workforce Development,"Groningen, Appingedam, Hoogeveen",The Netherlands,10.02.19,15.02.19,5 nights/6 days,Visit/Speaker,budget,0,342.11,0,314,0,0,0,0,656.11,0,656.11,,,,,,,,,,,,,,,,,,,,,,,,,,,,,,,,,,,,,,,,,,,,,,,,,,,
Sue Rumbold,Chief Officer – Partnerships and Health,Hoogeveen,The Netherlands,12.02.19,15.02.19,3 nights/4 days,Visit/Speaker,budget,0,434.11,0,125.6,0,0,0,0,559.71,0,559.71,,,,,,,,,,,,,,,,,,,,,,,,,,,,,,,,,,,,,,,,,,,,,,,,,,,
Redacted,Curator of Archaeology,Tautra Island,Norway,11.02.19,14.02.19,3 nights/4 days,Research for museums and galleries,economy,118,0,54,0,6.62,0,54,0,232.62,232.62,0,,,,,,,,,,,,,,,,,,,,,,,,,,,,,,,,,,,,,,,,,,,,,,,,,,,
Andrew Lloyd,Head of Children's Workforce Development,Tacoma,USA,19.02.19,23.02.19,4 nights/5 days,To speak at Urban Studies Forum and partnership with Children's Museum of Tacoma,budget,0,928,0,666.32,0,0,0,133.63,1727.95,0,1727.95,,,,,,,,,,,,,,,,,,,,,,,,,,,,,,,,,,,,,,,,,,,,,,,,,,,
Redacted,Learning Improvement Consultant,Bacau,Romania,23.02.19,02.03.19,7 nights/8 days,To attend transnational teaching and learning activities as part of the Erasmus+ GRIET project,budget,0,178.43,0,295.56,0,24.17,0,93.67,591.83,0,591.83,,,,,,,,,,,,,,,,,,,,,,,,,,,,,,,,,,,,,,,,,,,,,,,,,,,
Redacted,Learning Improvement Consultant,Bacau,Romania,23.02.19,02.03.19,7 nights/8 days,To attend transnational teaching and learning activities as part of the Erasmus+ GRIET project,budget,0,178.43,0,295.56,0,24.17,0,93.67,591.83,0,591.83,,,,,,,,,,,,,,,,,,,,,,,,,,,,,,,,,,,,,,,,,,,,,,,,,,,
Redacted,Senior Development Officer,Grenoble ,France,05.03.19,09.03.19,4 nights/5 days,compulsory attendance at plenary meeting for ACTIVAGE H2020 EU project ,economy,0,200.28,0,271.65,0,90,0,110,671.93,0,671.93,,,,,,,,,,,,,,,,,,,,,,,,,,,,,,,,,,,,,,,,,,,,,,,,,,,
Tom Riordan,Chief Executive Officer,Cannes,France,11.03.19,14.03.19,3 nights/4 days,Attending MIPIM conference,economy,563.35,0,700.91,0,0,0,0,0,1264.26,1264.26,0,,,,,,,,,,,,,,,,,,,,,,,,,,,,,,,,,,,,,,,,,,,,,,,,,,,
Judith Blake,Leader of the Council,Cannes,France,12.03.19,15.03.19,3 nights/4 days,Attending MIPIM conference,economy,644.97,0,1423,0,0,0,0,0,2067.97,2067.97,0,,,,,,,,,,,,,,,,,,,,,,,,,,,,,,,,,,,,,,,,,,,,,,,,,,,
Martin Farrington,Director City Development,Cannes,France,11.03.19,15.03.19,4 nights/5 days,Attending MIPIM conference,economy,400,0,934.55,0,0,0,0,0,1334.55,1334.55,0,,,,,,,,,,,,,,,,,,,,,,,,,,,,,,,,,,,,,,,,,,,,,,,,,,,
Angela Barnicle,Chief Officer Asset Management and Regeneration,Cannes,France,11.03.19,15.03.19,4 nights/5 days,Attending MIPIM conference,economy,400,0,1423,0,0,0,0,0,1823,1823,0,,,,,,,,,,,,,,,,,,,,,,,,,,,,,,,,,,,,,,,,,,,,,,,,,,,
Redacted,Inward Investment Manager,Cannes,France,11.03.19,15.03.19,4 nights/5 days,Attending MIPIM conference,economy,400,0,934.55,0,0,0,0,0,1334.55,1334.55,0,,,,,,,,,,,,,,,,,,,,,,,,,,,,,,,,,,,,,,,,,,,,,,,,,,,
Wendy Earl,Head of Visitor Economy and Inward Investment,Cannes,France,11.03.19,15.03.19,4 nights/5 days,Attending MIPIM conference,economy,400,0,1360,0,56.76,0,55.73,0,1872.49,1872.49,0,,,,,,,,,,,,,,,,,,,,,,,,,,,,,,,,,,,,,,,,,,,,,,,,,,,
Redacted,Curator - Natural Sciences,Sofia,Bulgaria,12.03.19,17.03.19,5 nights/6 days,To attend training course at the National Museum of Natural History in Sofia,economy,0,254.29,0,219.08,0,28.06,0,56.86,558.29,0,558.29,,,,,,,,,,,,,,,,,,,,,,,,,,,,,,,,,,,,,,,,,,,,,,,,,,,
Redacted,Commissioning Programme Leader,Maastricht,The Netherlands,18.03.19,21.03.19,3 nights/4 days,Research,economy,144,0,380.98,0,0,0,0,0,524.98,524.98,0,,,,,,,,,,,,,,,,,,,,,,,,,,,,,,,,,,,,,,,,,,,,,,,,,,,
Redacted,Senior Development Officer,Taipei,Taiwan (China),25.03.19,30.03.19,5 nights/6 days,representing ACTIVAGE project at Smart City conference and delivering presentation,economy,0,979,0,724,0,50,0,50,1803,0,1803,,,,,,,,,,,,,,,,,,,,,,,,,,,,,,,,,,,,,,,,,,,,,,,,,,,
Andrea Ellison,Chief Librarian,Chengdu and Hangzhou,China,24.3.19,3.04.19,8 nights/9 days,British library event in Chengdu & library exchange in Hangzhou,economy,230,688,0,663.54,0,0,0,150,1731.54,230,1501.54,,,,,,,,,,,,,,,,,,,,,,,,,,,,,,,,,,,,,,,,,,,,,,,,,,,
TOTAL,,,,,,,,,,,,,,,,,107469.1765,42755.77845,64713.398,,,,,,,,,,,,,,,,,,,,,,,,,,,,,,,,,,,,,,,,,,,,,,,,,,,
,,,,,,,,,,,,,,,,,,,,,,,,,,,,,,,,,,,,,,,,,,,,,,,,,,,,,,,,,,,,,,,,,,,,,,
,,,,,,,,,,,,,,,,,,,,,,,,,,,,,,,,,,,,,,,,,,,,,,,,,,,,,,,,,,,,,,,,,,,,,,
,,,,,,,,,,,,,,,,,,,,,,,,,,,,,,,,,,,,,,,,,,,,,,,,,,,,,,,,,,,,,,,,,,,,,,
,,,,,,,,,,,,,,,,,,,,,,,,,,,,,,,,,,,,,,,,,,,,,,,,,,,,,,,,,,,,,,,,,,,,,,
,,,,,,,,,,,,,,,,,,,,,,,,,,,,,,,,,,,,,,,,,,,,,,,,,,,,,,,,,,,,,,,,,,,,,,
,,,,,,,,,,,,,,,,,,,,,,,,,,,,,,,,,,,,,,,,,,,,,,,,,,,,,,,,,,,,,,,,,,,,,,
,,,,,,,,,,,,,,,,,,,,,,,,,,,,,,,,,,,,,,,,,,,,,,,,,,,,,,,,,,,,,,,,,,,,,,
,,,,,,,,,,,,,,,,,,,,,,,,,,,,,,,,,,,,,,,,,,,,,,,,,,,,,,,,,,,,,,,,,,,,,,
,,,,,,,,,,,,,,,,,,,,,,,,,,,,,,,,,,,,,,,,,,,,,,,,,,,,,,,,,,,,,,,,,,,,,,
,,,,,,,,,,,,,,,,,,,,,,,,,,,,,,,,,,,,,,,,,,,,,,,,,,,,,,,,,,,,,,,,,,,,,,
,,,,,,,,,,,,,,,,,,,,,,,,,,,,,,,,,,,,,,,,,,,,,,,,,,,,,,,,,,,,,,,,,,,,,,
,,,,,,,,,,,,,,,,,,,,,,,,,,,,,,,,,,,,,,,,,,,,,,,,,,,,,,,,,,,,,,,,,,,,,,
,,,,,,,,,,,,,,,,,,,,,,,,,,,,,,,,,,,,,,,,,,,,,,,,,,,,,,,,,,,,,,,,,,,,,,
,,,,,,,,,,,,,,,,,,,,,,,,,,,,,,,,,,,,,,,,,,,,,,,,,,,,,,,,,,,,,,,,,,,,,,
,,,,,,,,,,,,,,,,,,,,,,,,,,,,,,,,,,,,,,,,,,,,,,,,,,,,,,,,,,,,,,,,,,,,,,
,,,,,,,,,,,,,,,,,,,,,,,,,,,,,,,,,,,,,,,,,,,,,,,,,,,,,,,,,,,,,,,,,,,,,,
,,,,,,,,,,,,,,,,,,,,,,,,,,,,,,,,,,,,,,,,,,,,,,,,,,,,,,,,,,,,,,,,,,,,,,
,,,,,,,,,,,,,,,,,,,,,,,,,,,,,,,,,,,,,,,,,,,,,,,,,,,,,,,,,,,,,,,,,,,,,,
,,,,,,,,,,,,,,,,,,,,,,,,,,,,,,,,,,,,,,,,,,,,,,,,,,,,,,,,,,,,,,,,,,,,,,
,,,,,,,,,,,,,,,,,,,,,,,,,,,,,,,,,,,,,,,,,,,,,,,,,,,,,,,,,,,,,,,,,,,,,,
,,,,,,,,,,,,,,,,,,,,,,,,,,,,,,,,,,,,,,,,,,,,,,,,,,,,,,,,,,,,,,,,,,,,,,
,,,,,,,,,,,,,,,,,,,,,,,,,,,,,,,,,,,,,,,,,,,,,,,,,,,,,,,,,,,,,,,,,,,,,,
,,,,,,,,,,,,,,,,,,,,,,,,,,,,,,,,,,,,,,,,,,,,,,,,,,,,,,,,,,,,,,,,,,,,,,
,,,,,,,,,,,,,,,,,,,,,,,,,,,,,,,,,,,,,,,,,,,,,,,,,,,,,,,,,,,,,,,,,,,,,,
,,,,,,,,,,,,,,,,,,,,,,,,,,,,,,,,,,,,,,,,,,,,,,,,,,,,,,,,,,,,,,,,,,,,,,
,,,,,,,,,,,,,,,,,,,,,,,,,,,,,,,,,,,,,,,,,,,,,,,,,,,,,,,,,,,,,,,,,,,,,,
,,,,,,,,,,,,,,,,,,,,,,,,,,,,,,,,,,,,,,,,,,,,,,,,,,,,,,,,,,,,,,,,,,,,,,
,,,,,,,,,,,,,,,,,,,,,,,,,,,,,,,,,,,,,,,,,,,,,,,,,,,,,,,,,,,,,,,,,,,,,,
,,,,,,,,,,,,,,,,,,,,,,,,,,,,,,,,,,,,,,,,,,,,,,,,,,,,,,,,,,,,,,,,,,,,,,
,,,,,,,,,,,,,,,,,,,,,,,,,,,,,,,,,,,,,,,,,,,,,,,,,,,,,,,,,,,,,,,,,,,,,,
,,,,,,,,,,,,,,,,,,,,,,,,,,,,,,,,,,,,,,,,,,,,,,,,,,,,,,,,,,,,,,,,,,,,,,
,,,,,,,,,,,,,,,,,,,,,,,,,,,,,,,,,,,,,,,,,,,,,,,,,,,,,,,,,,,,,,,,,,,,,,
,,,,,,,,,,,,,,,,,,,,,,,,,,,,,,,,,,,,,,,,,,,,,,,,,,,,,,,,,,,,,,,,,,,,,,
,,,,,,,,,,,,,,,,,,,,,,,,,,,,,,,,,,,,,,,,,,,,,,,,,,,,,,,,,,,,,,,,,,,,,,
,,,,,,,,,,,,,,,,,,,,,,,,,,,,,,,,,,,,,,,,,,,,,,,,,,,,,,,,,,,,,,,,,,,,,,
,,,,,,,,,,,,,,,,,,,,,,,,,,,,,,,,,,,,,,,,,,,,,,,,,,,,,,,,,,,,,,,,,,,,,,
,,,,,,,,,,,,,,,,,,,,,,,,,,,,,,,,,,,,,,,,,,,,,,,,,,,,,,,,,,,,,,,,,,,,,,
,,,,,,,,,,,,,,,,,,,,,,,,,,,,,,,,,,,,,,,,,,,,,,,,,,,,,,,,,,,,,,,,,,,,,,
,,,,,,,,,,,,,,,,,,,,,,,,,,,,,,,,,,,,,,,,,,,,,,,,,,,,,,,,,,,,,,,,,,,,,,
,,,,,,,,,,,,,,,,,,,,,,,,,,,,,,,,,,,,,,,,,,,,,,,,,,,,,,,,,,,,,,,,,,,,,,
,,,,,,,,,,,,,,,,,,,,,,,,,,,,,,,,,,,,,,,,,,,,,,,,,,,,,,,,,,,,,,,,,,,,,,
,,,,,,,,,,,,,,,,,,,,,,,,,,,,,,,,,,,,,,,,,,,,,,,,,,,,,,,,,,,,,,,,,,,,,,
,,,,,,,,,,,,,,,,,,,,,,,,,,,,,,,,,,,,,,,,,,,,,,,,,,,,,,,,,,,,,,,,,,,,,,
,,,,,,,,,,,,,,,,,,,,,,,,,,,,,,,,,,,,,,,,,,,,,,,,,,,,,,,,,,,,,,,,,,,,,,
,,,,,,,,,,,,,,,,,,,,,,,,,,,,,,,,,,,,,,,,,,,,,,,,,,,,,,,,,,,,,,,,,,,,,,
,,,,,,,,,,,,,,,,,,,,,,,,,,,,,,,,,,,,,,,,,,,,,,,,,,,,,,,,,,,,,,,,,,,,,,
,,,,,,,,,,,,,,,,,,,,,,,,,,,,,,,,,,,,,,,,,,,,,,,,,,,,,,,,,,,,,,,,,,,,,,
,,,,,,,,,,,,,,,,,,,,,,,,,,,,,,,,,,,,,,,,,,,,,,,,,,,,,,,,,,,,,,,,,,,,,,
,,,,,,,,,,,,,,,,,,,,,,,,,,,,,,,,,,,,,,,,,,,,,,,,,,,,,,,,,,,,,,,,,,,,,,
,,,,,,,,,,,,,,,,,,,,,,,,,,,,,,,,,,,,,,,,,,,,,,,,,,,,,,,,,,,,,,,,,,,,,,
,,,,,,,,,,,,,,,,,,,,,,,,,,,,,,,,,,,,,,,,,,,,,,,,,,,,,,,,,,,,,,,,,,,,,,
,,,,,,,,,,,,,,,,,,,,,,,,,,,,,,,,,,,,,,,,,,,,,,,,,,,,,,,,,,,,,,,,,,,,,,
,,,,,,,,,,,,,,,,,,,,,,,,,,,,,,,,,,,,,,,,,,,,,,,,,,,,,,,,,,,,,,,,,,,,,,
,,,,,,,,,,,,,,,,,,,,,,,,,,,,,,,,,,,,,,,,,,,,,,,,,,,,,,,,,,,,,,,,,,,,,,
,,,,,,,,,,,,,,,,,,,,,,,,,,,,,,,,,,,,,,,,,,,,,,,,,,,,,,,,,,,,,,,,,,,,,,
,,,,,,,,,,,,,,,,,,,,,,,,,,,,,,,,,,,,,,,,,,,,,,,,,,,,,,,,,,,,,,,,,,,,,,
,,,,,,,,,,,,,,,,,,,,,,,,,,,,,,,,,,,,,,,,,,,,,,,,,,,,,,,,,,,,,,,,,,,,,,
,,,,,,,,,,,,,,,,,,,,,,,,,,,,,,,,,,,,,,,,,,,,,,,,,,,,,,,,,,,,,,,,,,,,,,
,,,,,,,,,,,,,,,,,,,,,,,,,,,,,,,,,,,,,,,,,,,,,,,,,,,,,,,,,,,,,,,,,,,,,,
,,,,,,,,,,,,,,,,,,,,,,,,,,,,,,,,,,,,,,,,,,,,,,,,,,,,,,,,,,,,,,,,,,,,,,
,,,,,,,,,,,,,,,,,,,,,,,,,,,,,,,,,,,,,,,,,,,,,,,,,,,,,,,,,,,,,,,,,,,,,,
,,,,,,,,,,,,,,,,,,,,,,,,,,,,,,,,,,,,,,,,,,,,,,,,,,,,,,,,,,,,,,,,,,,,,,
,,,,,,,,,,,,,,,,,,,,,,,,,,,,,,,,,,,,,,,,,,,,,,,,,,,,,,,,,,,,,,,,,,,,,,
,,,,,,,,,,,,,,,,,,,,,,,,,,,,,,,,,,,,,,,,,,,,,,,,,,,,,,,,,,,,,,,,,,,,,,
,,,,,,,,,,,,,,,,,,,,,,,,,,,,,,,,,,,,,,,,,,,,,,,,,,,,,,,,,,,,,,,,,,,,,,
,,,,,,,,,,,,,,,,,,,,,,,,,,,,,,,,,,,,,,,,,,,,,,,,,,,,,,,,,,,,,,,,,,,,,,
,,,,,,,,,,,,,,,,,,,,,,,,,,,,,,,,,,,,,,,,,,,,,,,,,,,,,,,,,,,,,,,,,,,,,,
,,,,,,,,,,,,,,,,,,,,,,,,,,,,,,,,,,,,,,,,,,,,,,,,,,,,,,,,,,,,,,,,,,,,,,
,,,,,,,,,,,,,,,,,,,,,,,,,,,,,,,,,,,,,,,,,,,,,,,,,,,,,,,,,,,,,,,,,,,,,,
,,,,,,,,,,,,,,,,,,,,,,,,,,,,,,,,,,,,,,,,,,,,,,,,,,,,,,,,,,,,,,,,,,,,,,
,,,,,,,,,,,,,,,,,,,,,,,,,,,,,,,,,,,,,,,,,,,,,,,,,,,,,,,,,,,,,,,,,,,,,,
,,,,,,,,,,,,,,,,,,,,,,,,,,,,,,,,,,,,,,,,,,,,,,,,,,,,,,,,,,,,,,,,,,,,,,
,,,,,,,,,,,,,,,,,,,,,,,,,,,,,,,,,,,,,,,,,,,,,,,,,,,,,,,,,,,,,,,,,,,,,,
,,,,,,,,,,,,,,,,,,,,,,,,,,,,,,,,,,,,,,,,,,,,,,,,,,,,,,,,,,,,,,,,,,,,,,
,,,,,,,,,,,,,,,,,,,,,,,,,,,,,,,,,,,,,,,,,,,,,,,,,,,,,,,,,,,,,,,,,,,,,,
,,,,,,,,,,,,,,,,,,,,,,,,,,,,,,,,,,,,,,,,,,,,,,,,,,,,,,,,,,,,,,,,,,,,,,
,,,,,,,,,,,,,,,,,,,,,,,,,,,,,,,,,,,,,,,,,,,,,,,,,,,,,,,,,,,,,,,,,,,,,,
,,,,,,,,,,,,,,,,,,,,,,,,,,,,,,,,,,,,,,,,,,,,,,,,,,,,,,,,,,,,,,,,,,,,,,
,,,,,,,,,,,,,,,,,,,,,,,,,,,,,,,,,,,,,,,,,,,,,,,,,,,,,,,,,,,,,,,,,,,,,,
,,,,,,,,,,,,,,,,,,,,,,,,,,,,,,,,,,,,,,,,,,,,,,,,,,,,,,,,,,,,,,,,,,,,,,
,,,,,,,,,,,,,,,,,,,,,,,,,,,,,,,,,,,,,,,,,,,,,,,,,,,,,,,,,,,,,,,,,,,,,,
,,,,,,,,,,,,,,,,,,,,,,,,,,,,,,,,,,,,,,,,,,,,,,,,,,,,,,,,,,,,,,,,,,,,,,
,,,,,,,,,,,,,,,,,,,,,,,,,,,,,,,,,,,,,,,,,,,,,,,,,,,,,,,,,,,,,,,,,,,,,,
,,,,,,,,,,,,,,,,,,,,,,,,,,,,,,,,,,,,,,,,,,,,,,,,,,,,,,,,,,,,,,,,,,,,,,
,,,,,,,,,,,,,,,,,,,,,,,,,,,,,,,,,,,,,,,,,,,,,,,,,,,,,,,,,,,,,,,,,,,,,,
,,,,,,,,,,,,,,,,,,,,,,,,,,,,,,,,,,,,,,,,,,,,,,,,,,,,,,,,,,,,,,,,,,,,,,
,,,,,,,,,,,,,,,,,,,,,,,,,,,,,,,,,,,,,,,,,,,,,,,,,,,,,,,,,,,,,,,,,,,,,,
,,,,,,,,,,,,,,,,,,,,,,,,,,,,,,,,,,,,,,,,,,,,,,,,,,,,,,,,,,,,,,,,,,,,,,
,,,,,,,,,,,,,,,,,,,,,,,,,,,,,,,,,,,,,,,,,,,,,,,,,,,,,,,,,,,,,,,,,,,,,,
,,,,,,,,,,,,,,,,,,,,,,,,,,,,,,,,,,,,,,,,,,,,,,,,,,,,,,,,,,,,,,,,,,,,,,
,,,,,,,,,,,,,,,,,,,,,,,,,,,,,,,,,,,,,,,,,,,,,,,,,,,,,,,,,,,,,,,,,,,,,,
,,,,,,,,,,,,,,,,,,,,,,,,,,,,,,,,,,,,,,,,,,,,,,,,,,,,,,,,,,,,,,,,,,,,,,
,,,,,,,,,,,,,,,,,,,,,,,,,,,,,,,,,,,,,,,,,,,,,,,,,,,,,,,,,,,,,,,,,,,,,,
,,,,,,,,,,,,,,,,,,,,,,,,,,,,,,,,,,,,,,,,,,,,,,,,,,,,,,,,,,,,,,,,,,,,,,
,,,,,,,,,,,,,,,,,,,,,,,,,,,,,,,,,,,,,,,,,,,,,,,,,,,,,,,,,,,,,,,,,,,,,,
,,,,,,,,,,,,,,,,,,,,,,,,,,,,,,,,,,,,,,,,,,,,,,,,,,,,,,,,,,,,,,,,,,,,,,
,,,,,,,,,,,,,,,,,,,,,,,,,,,,,,,,,,,,,,,,,,,,,,,,,,,,,,,,,,,,,,,,,,,,,,
,,,,,,,,,,,,,,,,,,,,,,,,,,,,,,,,,,,,,,,,,,,,,,,,,,,,,,,,,,,,,,,,,,,,,,
,,,,,,,,,,,,,,,,,,,,,,,,,,,,,,,,,,,,,,,,,,,,,,,,,,,,,,,,,,,,,,,,,,,,,,
,,,,,,,,,,,,,,,,,,,,,,,,,,,,,,,,,,,,,,,,,,,,,,,,,,,,,,,,,,,,,,,,,,,,,,
,,,,,,,,,,,,,,,,,,,,,,,,,,,,,,,,,,,,,,,,,,,,,,,,,,,,,,,,,,,,,,,,,,,,,,
,,,,,,,,,,,,,,,,,,,,,,,,,,,,,,,,,,,,,,,,,,,,,,,,,,,,,,,,,,,,,,,,,,,,,,
,,,,,,,,,,,,,,,,,,,,,,,,,,,,,,,,,,,,,,,,,,,,,,,,,,,,,,,,,,,,,,,,,,,,,,
,,,,,,,,,,,,,,,,,,,,,,,,,,,,,,,,,,,,,,,,,,,,,,,,,,,,,,,,,,,,,,,,,,,,,,
,,,,,,,,,,,,,,,,,,,,,,,,,,,,,,,,,,,,,,,,,,,,,,,,,,,,,,,,,,,,,,,,,,,,,,
,,,,,,,,,,,,,,,,,,,,,,,,,,,,,,,,,,,,,,,,,,,,,,,,,,,,,,,,,,,,,,,,,,,,,,
,,,,,,,,,,,,,,,,,,,,,,,,,,,,,,,,,,,,,,,,,,,,,,,,,,,,,,,,,,,,,,,,,,,,,,
,,,,,,,,,,,,,,,,,,,,,,,,,,,,,,,,,,,,,,,,,,,,,,,,,,,,,,,,,,,,,,,,,,,,,,
,,,,,,,,,,,,,,,,,,,,,,,,,,,,,,,,,,,,,,,,,,,,,,,,,,,,,,,,,,,,,,,,,,,,,,
,,,,,,,,,,,,,,,,,,,,,,,,,,,,,,,,,,,,,,,,,,,,,,,,,,,,,,,,,,,,,,,,,,,,,,
,,,,,,,,,,,,,,,,,,,,,,,,,,,,,,,,,,,,,,,,,,,,,,,,,,,,,,,,,,,,,,,,,,,,,,
,,,,,,,,,,,,,,,,,,,,,,,,,,,,,,,,,,,,,,,,,,,,,,,,,,,,,,,,,,,,,,,,,,,,,,
,,,,,,,,,,,,,,,,,,,,,,,,,,,,,,,,,,,,,,,,,,,,,,,,,,,,,,,,,,,,,,,,,,,,,,
,,,,,,,,,,,,,,,,,,,,,,,,,,,,,,,,,,,,,,,,,,,,,,,,,,,,,,,,,,,,,,,,,,,,,,
,,,,,,,,,,,,,,,,,,,,,,,,,,,,,,,,,,,,,,,,,,,,,,,,,,,,,,,,,,,,,,,,,,,,,,
,,,,,,,,,,,,,,,,,,,,,,,,,,,,,,,,,,,,,,,,,,,,,,,,,,,,,,,,,,,,,,,,,,,,,,
,,,,,,,,,,,,,,,,,,,,,,,,,,,,,,,,,,,,,,,,,,,,,,,,,,,,,,,,,,,,,,,,,,,,,,
,,,,,,,,,,,,,,,,,,,,,,,,,,,,,,,,,,,,,,,,,,,,,,,,,,,,,,,,,,,,,,,,,,,,,,
,,,,,,,,,,,,,,,,,,,,,,,,,,,,,,,,,,,,,,,,,,,,,,,,,,,,,,,,,,,,,,,,,,,,,,
,,,,,,,,,,,,,,,,,,,,,,,,,,,,,,,,,,,,,,,,,,,,,,,,,,,,,,,,,,,,,,,,,,,,,,
,,,,,,,,,,,,,,,,,,,,,,,,,,,,,,,,,,,,,,,,,,,,,,,,,,,,,,,,,,,,,,,,,,,,,,
,,,,,,,,,,,,,,,,,,,,,,,,,,,,,,,,,,,,,,,,,,,,,,,,,,,,,,,,,,,,,,,,,,,,,,
